Name,Price,Size,Reviews
EfficientGrip Performance 2,£122.49,215/50 R17 W (95)
CrossClimate 2,£154.80,215/50 R17 W (95)
AdvanteX TC101,£70.61,215/50 R17 Y (95)
Enduro HP,£71.21,215/50 R17 W (95)
P609,£80.24,215/50 R17 W (95)
Alventi,£80.24,215/50 R17 Y (95)
Sport,£83.41,215/50 R17 W (95)
Ultra High Performance,£85.28,215/50 R17 W (95)
Proxes Sport,£101.69,215/50 R17 W (95)
Ecsta HS52,£101.99,215/50 R17 W (95)
Solus 4S HA32,£104.20,215/50 R17 W (95)
BluEarth-GT AE51,£117.99,215/50 R17 W (95)
Ventus V12 Evo 2 K120,£118.13,215/50 R17 W (95)
ZV7,£118.18,215/50 R17 W (95)
Turanza T005,£121.74,215/50 R17 W (95)
EfficientGrip Performance 2,£122.49,215/50 R17 W (95)
Premium Contact 6,£135.24,215/50 R17 Y (95)
Sport Contact 5,£136.06,215/50 R17 W (95)
Primacy 4+,£140.57,215/50 R17 W (95)
Vector 4Seasons Gen-2,£143.99,215/50 R17 V (95)
P7 Cinturato,£150.08,215/50 R17 W (95)
CrossClimate 2,£154.80,215/50 R17 W (95)
