Name:,Price:,Size:,Reviews:
Geolander A/T G015,£125.99,255/65 R17 114H,27 
Geolander H/T G056,£125.99,255/65 R17 114H,1 
Dynapro AT2 RF11,£138.99,255/65 R17 110T,0 
Dynapro HP2 RA33,£138.99,255/65 R17 110H,0 
V905 BluEarth Winter,£160.99,255/65 R17 110H,0 
Dueler A/T 001,£140.99,255/65 R17 110T,20 
ContiCrossContact LX 2,£141.99,255/65 R17 110T,14 
EfficientGrip,£153.99,255/65 R17 110H,202 
Wrangler AT,£154.99,255/65 R17 110T,16 
ContiCrossContact LX 2,£160.99,255/65 R17 110H,14 
CrossContact ATR,£212.99,255/65 R17 114H,11 
Latitude Cross,£173.99,255/65 R17 114H,12 
CrossClimate 2,£180.99,255/65 R17 110H,11 
